Directory,URL,Tier,Priority,Category,Status,Date Submitted,Date Live,Backlink URL,Notes
Crunchbase,https://crunchbase.com/organization-search,GEO,1,Identity,Not started,,,,"Free company profile — feeds AI training corpora. Use startup variant copy."
LinkedIn Company,https://linkedin.com/company/setup/new,GEO,1,Identity,Not started,,,,"Create page for NZ Gym Guide. Feeds AI citations. Add description + logo."
Wikidata,https://www.wikidata.org/wiki/Special:NewItem,GEO,2,Identity,Not started,,,,"Create entity entry. Optional but supports Knowledge Graph."
Yellow Pages NZ,https://www.yellow.co.nz,NZ Business,1,General,Not started,,,,"Primary NZ business directory. DA ~40+. Free listing."
Finda NZ,https://www.finda.co.nz,NZ Business,1,General,Not started,,,,"Major NZ directory. Free listing. Use NZ business variant."
Hotfrog NZ,https://www.hotfrog.co.nz,NZ Business,2,General,Not started,,,,"Free NZ business listing. DA ~35."
NZ Business Directory (bizdb),https://www.bizdb.co.nz,NZ Business,2,General,Not started,,,,"NZ-specific business directory."
Brownbook NZ,https://www.brownbook.net,NZ Business,2,General,Not started,,,,"Global directory with NZ section."
AlternativeTo,https://alternativeto.net,SaaS/Tools,1,Comparison,Not started,,,,"List NZ Gym Guide as alternative to MoneyHub gym pages. DA ~75."
SaaSHub,https://www.saashub.com,SaaS/Tools,2,General,Not started,,,,"Free listing. Use startup variant."
Yelp NZ,https://www.yelp.co.nz,Reviews,2,General,Not started,,,,"Listing for reviews. Note: this is a content site not a local business."
ToolFinder,https://toolfinder.xyz,Tools,3,Tools,Not started,,,,"Free tool discovery site."
Exercise NZ,https://www.exercise.org.nz,Fitness,1,Niche,Not started,,,,"New Zealand fitness industry body. Relevant niche listing."
Fitness First NZ Directories,https://www.fitnessnz.co.nz,Fitness,2,Niche,Not started,,,,"NZ fitness resource listing."
tripadvisor.com,https://www.tripadvisor.com,Travel/Lifestyle,3,Lifestyle,Not started,,,,"Less relevant but high DA. List as fitness resource in NZ."
Facebook Page,https://www.facebook.com/nzgymguide,Social,1,Social,Not started,,,,"Create brand page. sameAs link for entity SEO."
Instagram,https://www.instagram.com/nzgymguide,Social,1,Social,Not started,,,,"Create account. sameAs link."
Twitter/X,https://twitter.com/nzgymguide,Social,1,Social,Not started,,,,"Create account. sameAs link."
Pinterest,https://www.pinterest.com/nzgymguide,Social,2,Social,Not started,,,,"Optional. Fitness boards could drive traffic."
Reddit r/nzgym,https://www.reddit.com/r/newzealand,Community,2,Community,Not started,,,,"Participate genuinely before linking. Do NOT spam."
Quora NZ gym topics,https://www.quora.com,Community,2,Community,Not started,,,,"Answer 'best gym NZ' questions with factual, helpful answers + link."
PR Log,https://www.prlog.org,Press,3,Press,Not started,,,,"Free press release distribution. Write about NZ gym pricing data."
EzineArticles,https://ezinearticles.com,Articles,3,Articles,Not started,,,,"Article syndication. Use one gym guide article."
dev.to / Hashnode,https://dev.to,Tech,3,Tech,Not started,,,,"If any technical write-up angle. Low priority for this site."
Google Business Profile,https://business.google.com,GBP,3,Local,Not started,,,,"Marginal value for a content site. Can create as 'online business'."
